																																																		
			F	F	F	F	F	F	F		F	F	F	F	F	F	F	DS	F	F	F	F	F	D	F		F	F	F	F	F				F	F	F						F	F	F	F	F	F	F	
			F						F		F	F	F	F	F	F	F		F	F	F	F	F		F		F	F	F	F	F				F	F	F						F	F	F	F	F	F	F	
			F	F	F	F	F		F	F	F	F	F	F	F	F	F		F	F	F	F	F		F	D	F	F	F	F	F	DS	F		F	F	F		F	F	F		F	F	F	F	F	F	F	
							F												F	F	F	F	F		F		F	F	F	F	F		F				D		F	F	F		F	F	F	F	F	F	F	
	F	DP	F	F	F		F	F	F	F	F								F	F	F	F	F		F		F	F	F	F	F		F	F	F	F	F		F	F	F		F	F	F	F	F	F	F	
	F		F	F	F						F								D				D		DP								F						F	F	F		F	F	F	F	F	F	F	
	F		F	F	F	D	F	F	F	F	F		F	F	F	F	F	F	F		F	F	F	F	F		F		F	F	F	F	F		F	F	F	D	F	F	F	D	F	F	F	F	F	F	F	
			D										F	F	F	F	F	F	F		F	F	F	F	F		F		F						F				F	F	F		D		D					
	F	F	F				F	F	F	F	F	D	F	F	F	F	F	F	F		F	F	F	F	F		F	F	F		SUU		F	F	F				F	F	F		F		F		F	F	F	
	F	F	F				F	F	F	F	F		F	F	F	F	F	F	F						D				F		SU		F										F		F				F	
	F	F	F		F	D	F	F	F	F	F		F	F	F	F	F	F	F	D	F		F	F	F	F	F		F	F	F		F	F	F	F	F						F		F		F	F	F	
	F	F	F		F		F	F	F	F	F		F	F	F	F	F	F	F		F		F	F	F	F	F										F						F		F		F		F	
	F	F	F		F		F	F	F	F	F		F	F	F	F	F	F	F		F		F	F	F	F	F	D	F	F	F	F	F	F	F		F		F	F	F		F		F	F	F		F	
			D		DP																		F	F	F	F	F		F	F	F	F	F	F	F		F		F	F	F		F						F	
			F	F	F		F	F	F	F	F	F	F		F	F	F		F	F	F	DP	F	F	F	F	F		F	F	F	F	F	F	F		F		F	F	F		F		SDD	SD	F	F	F	
			F	F	F		F						F		F		F		F	F	F				F								D				F		F	F	F		F						F	
			F	F	F		F	D	F	F	F		F	F	F		F		F	F	F		F	F	F	D	F	F	F	F	F	F	F	F	F		F		F	F	F		F		F	F	F		F	
					DS				F	F	F						F		F	F	F				F		F	F	F	F	F	F	F		F		F		D				F		F	F	F		F	
			F	F	F				F	F	F		F	F	F	F	F		F	F	F	D	F		F		F	F	F	F	F	F	F		F	F	F	F	F		F	F	F		F	F	F		F	
			F						DP				F				F		F	F	F		F		F																F				DP				F	
	F	F	F		F	F	F		F	F	F		F		F	F	F		F	F	F	D	F	F	F	F	F	F	F		F	F	F	F	F	D	F	F	F		F		F	F	F	F	F	F	F	
	F				F	F	F		F	F	F		F																F		F	F	F	F	F		F	F	F		F		F							
	F	F	F		F	F	F		F	F	F		F		F	F	F						F	F	F	F	F		F		F	F	F	F	F		F	F	F		F		F		F	F	F	F	F	
	D				D				F	F	F		F		F	F	F						F	F	F	F	F		F		D										F		F		F	F	F	F	F	
	F	F	F	F	F	F	F	D	F	F	F		F		F	F	F						F	F	F	F	F		F		F	F	F		F	F	F	F	F	F	F		F	D	F	F	F	F	F	
	F	F	F	F	F	F	F		F	F	F		F		F	F	F						F	F	F	F	F		F		F	F	F		F															
	F	F	F	F	F	F	F		F	F	F	D	F	D	F	F	F	F	F				F	F	F	F	F		F		F	F	F		F		F	F	F	F	F	F	F							
																			F						DP				D		D				F		F	F	F	F	F	F	F							
	F		F	F	F	F	F	D	F	F	F		F	F	F				F		F	F	F	F	F	F	F		F	F	F		F	F	F		F	F	F	F	F	F	F							
	F		F	F	F	F	F				F		F	F	F				F		F	F	F	F	F	F	F		F	F	F		F				F	F	F	F	F	F	F							
	F	DP	F	F	F	F	F				F		F	F	F				F		F	F	F	F	F	F	F		F	F	F		F	F	F	D	F	F	F	F	F	F	F	D	F	F	F	F	F	
	F						D				F		F	F	F				F		F	F	F	F	F	F	F				DS		F				F	F	F	F	F	F	F		F	F	F	F	F	
	F	F	F				F	F	F		F		F	F	F	D	F		F		F	F	F	F	F	F	F	F	F	F	F		F	F	F		F	F	F	F	F	F	F		F	F	F	F	F	
	F		F				F	F	F		F						F		F										F	F	F						DP										F			
	F		F		F	D	F	F	F		F	D	F	F	F		F		F	F	F	F	F	F	F				F	F	F		F	F	F	F	F		F	F	F	F	F	F	F	F	F	F	F	
	F		F		F						F		F	F	F		F								F								F	F	F	F	F		F	F	F								F	
	F		F		F		F	F	F	F	F		F	F	F	D	F	F	F	F	F	F	F		F		F	F	F	F	F		F	F	F	F	F		F	F	F		F	F	F		F		F	
	F				F		F						F	F	F		F	F	F	F	F	F	F		F		F				F				D						D		F		F		F		F	
	F		F	F	F		F		F	F	F	F	F	F	F		F	F	F	F	F	F	F		F		F		F		F		F	F	F		F	F	F		F		F		F		F		F	
	F		D				F		F	F	F								F						F		F		F		F		F				F		F		F		F		F		F		F	
	F		F	F	F		F		F	F	F				F	F	F	F	F						F	F	F		F	F	F		F	F	F	F	F		F		F		F		F	F	F		F	
	F		F	F	F		F		F	F	F				DP		D		F												F										F		F						F	
	F		F	F	F		F		F	F	F	D	F	F	F	F	F		F		F	F	F	D	F	F	F	F	F		F		F	F	F	F	F	F	F	D	F		F	F	F	F	F		F	
	F		DP				F		F	F	F		F	F	F	F	F				F				F	F	F	F	F		F		F	F	F	F	F	F	F				F	F	F	F	F		F	
	F		F		F		F		F	F	F		F	F	F	F	F	D	F	F	F				F	F	F	F	F		F		F	F	F	F	F	F	F				F	F	F	F	F		F	
	F		F		F		F						D												D		DS				F		D										F	F	F	F	F		F	
	F	F	F	F	F		F	F	F		F	F	F	F	F	F	F		F	F	F	F	F	F	F		F	F	F		F		F	F	F	F	F				F	D	F	F	F	F	F		F	
	F						DS		F		F	F	F	F	F	F	F		F	F	F	F	F	F	F				F		F						D				F		F	F	F	F	F		F	
	F		F	F	F	F	F		F		F	F	F	F	F	F	F	F	F	F	F	F	F	F	F		F	F	F		F	F	F				F	F	F		F		F	F	F	F	F		F	
	F		F	F	F	F	F		F		F	F	F	F	F	F	F		F	F	F	F	F	F	F		D				F	F	F				F	F	F		F								F	
	F	D	F	F	F	F	F		F		F	F	F	F	F	F	F		F	F	F	F	F	F	F		F	F	F		F	F	F	DP	F	DP	F	F	F		F	F	F	F	F	F	F	F	F	
							F		F		F	F	F	F	F	F	F		F	F	F	F	F	F	F		F	F	F												F									
	F	F	F				F		F		F	F	F	F	F	F	F		F	F	F	F	F	F	F		F	F	F	F	F	D	F	F	F	F	F	F	F		F				F	F	F	F	F	
	F	F	F				F		F				D								F						F	F	F		F		F	F	F	F	F	F	F		F				D		D			
	F	F	F				F		F	F	F	F	F		F	F	F	F	F	F	F		F	F	F		F	F	F		F		F	F	F	F	F	F	F		F		F	F	F	F	F	F	F	
	D						DP		D				F		F	F	F	F	F	F	F				F						F										F		F	F	F	F	F	F	F	
	F	F	F	D	F	F	F	F	F				F	D	F	F	F	F	F	F	F	F	F	F	F	F	F	F	F		F	F	F	F	F		F	F	F	F	F		F	F	F	F	F	F	F	
	F				F	F	F	F	F						F	F	F	F	F	F	F								D						F		F						F	F	F	F	F	F	F	
	F		F		F	F	F	F	F						F	F	F	F	F	F	F	F	F		F		F	F	F	F	F	F	F		F		F		F	F	F	D	F	F	F	F	F	F	F	
	F		F		F	F	F	F	F						F	F	F	F	F	F	F		F		F		F	F	F	F	F	F	F		F		F		F	F	F		F	F	F	F	F	F	F	
	F		F		F	F	F	F	F						F	F	F	F	F	F	F		F	F	F		F	F	F	F	F	F	F		F		F		F	F	F		F	F	F	F	F	F	F	
	F		F		F	F	F	F	F																		F	F	F	F	F	F	F		F		F		D						D					
	F	F	F		F	F	F	F	F	F	F	F	F	F	F	F	F	F	F	F	F	F	F	F	F	D	F	F	F	F	F	F	F		F	F	F	F	F		F	F	F	F	F	F	F	F	F	
																																																		